<?xml version="1.0" encoding="UTF-8" standalone="yes"?>
<xmlreceipt>
    <seller>
        <sellername>REWE Hürth</sellername>
        <sellerid>
            <sellerid>rewe:231007</sellerid>
        </sellerid>
        <uri>www.rewe.de</uri>
        <selleraddress>REWE Hürth
            Efferener Str. 1
            50354 Hürth
        </selleraddress>
    </seller>
    <total>
        <purchasedate>2016-07-02+02:00</purchasedate>
        <totalquantity>
            <totalProducts>26</totalProducts>
            <totalUnits>31</totalUnits>
        </totalquantity>
        <totalprice>
            <currency>EUR</currency>
            <totalnetvalue>50.0386</totalnetvalue>
        </totalprice>
    </total>
    <itemlist>
        <item>
            <itemname>REWE Bio Maasdamer 150g</itemname>
            <itemid>
                <selleritemid>rewe:200323</selleritemid>
            </itemid>
            <price>
                <currency>EUR</currency>
                <itemvalue>1.89</itemvalue>
            </price>
            <itemgroup>
                <sellercategory>
                    <classificationname>Schnittkäse</classificationname>
                    <language>DE-de</language>
                </sellercategory>
            </itemgroup>
            <aspect>
                <aspectname>iconurl</aspectname>
                <aspectvalue>https://d9gkwhfwam31p.cloudfront.net/0200323/7331020_lightbox.png</aspectvalue>
            </aspect>
        </item>
        <item>
            <itemname>Fol Epi Classic Scheiben 150g</itemname>
            <itemid>
                <selleritemid>rewe:9342478</selleritemid>
            </itemid>
            <price>
                <currency>EUR</currency>
                <itemvalue>2.19</itemvalue>
            </price>
            <itemgroup>
                <sellercategory>
                    <classificationname>Schnittkäse</classificationname>
                    <language>DE-de</language>
                </sellercategory>
            </itemgroup>
            <aspect>
                <aspectname>iconurl</aspectname>
                <aspectvalue>https://d9gkwhfwam31p.cloudfront.net/9342478/2926570_lightbox.png</aspectvalue>
            </aspect>
        </item>
        <item>
            <itemname>Notos Schafskäse 200g</itemname>
            <itemid>
                <selleritemid>rewe:1176238</selleritemid>
            </itemid>
            <price>
                <currency>EUR</currency>
                <itemvalue>1.99</itemvalue>
            </price>
            <itemgroup>
                <sellercategory>
                    <classificationname>Feta &amp; Hirtenkäse</classificationname>
                    <language>DE-de</language>
                </sellercategory>
            </itemgroup>
            <aspect>
                <aspectname>iconurl</aspectname>
                <aspectvalue>https://d9gkwhfwam31p.cloudfront.net/1176238/18287970_lightbox.png</aspectvalue>
            </aspect>
        </item>
        <item>
            <itemname>REWE Beste Wahl Brasil ganze Bohne 1000g</itemname>
            <itemid>
                <selleritemid>rewe:2591297</selleritemid>
            </itemid>
            <price>
                <currency>EUR</currency>
                <itemvalue>8.99</itemvalue>
            </price>
            <itemgroup>
                <sellercategory>
                    <classificationname>ganze Bohne</classificationname>
                    <language>DE-de</language>
                </sellercategory>
            </itemgroup>
            <aspect>
                <aspectname>iconurl</aspectname>
                <aspectvalue>https://d9gkwhfwam31p.cloudfront.net/2591297/24962144_lightbox.png</aspectvalue>
            </aspect>
        </item>
        <item>
            <itemname>Harry Vollkorn-Toast 500g</itemname>
            <itemid>
                <selleritemid>rewe:4922506</selleritemid>
            </itemid>
            <price>
                <currency>EUR</currency>
                <itemvalue>1.19</itemvalue>
            </price>
            <itemgroup>
                <sellercategory>
                    <classificationname>Toast, Weißbrot &amp; Co</classificationname>
                    <language>DE-de</language>
                </sellercategory>
            </itemgroup>
            <aspect>
                <aspectname>iconurl</aspectname>
                <aspectvalue>https://d9gkwhfwam31p.cloudfront.net/4922506/3488850_lightbox.png</aspectvalue>
            </aspect>
        </item>
        <item>
            <itemname>REWE Bio Weizenvollkornbrot 375g</itemname>
            <itemid>
                <selleritemid>rewe:199017</selleritemid>
            </itemid>
            <price>
                <currency>EUR</currency>
                <itemvalue>1.55</itemvalue>
            </price>
            <itemgroup>
                <sellercategory>
                    <classificationname>Toast, Weißbrot &amp; Co</classificationname>
                    <language>DE-de</language>
                </sellercategory>
            </itemgroup>
            <aspect>
                <aspectname>iconurl</aspectname>
                <aspectvalue>https://d9gkwhfwam31p.cloudfront.net/0199017/1632190_lightbox.png</aspectvalue>
            </aspect>
        </item>
        <item>
            <itemname>Melitta Filtertüten 1x4 naturbraun Aroma 80 Stück</itemname>
            <itemid>
                <selleritemid>rewe:1371904</selleritemid>
            </itemid>
            <price>
                <currency>EUR</currency>
                <itemvalue>1.79</itemvalue>
            </price>
            <itemgroup>
                <sellercategory>
                    <classificationname>Filtertüten</classificationname>
                    <language>DE-de</language>
                </sellercategory>
            </itemgroup>
            <aspect>
                <aspectname>iconurl</aspectname>
                <aspectvalue>https://d9gkwhfwam31p.cloudfront.net/1371904/19997310_lightbox.png</aspectvalue>
            </aspect>
        </item>
        <item>
            <itemname>Knorr Salat-Mayonnaise 475ml</itemname>
            <itemid>
                <selleritemid>rewe:1908384</selleritemid>
            </itemid>
            <price>
                <currency>EUR</currency>
                <itemvalue>1.89</itemvalue>
            </price>
            <itemgroup>
                <sellercategory>
                    <classificationname>Mayonnaise &amp; Salatcreme</classificationname>
                    <language>DE-de</language>
                </sellercategory>
            </itemgroup>
            <aspect>
                <aspectname>iconurl</aspectname>
                <aspectvalue>https://d9gkwhfwam31p.cloudfront.net/1908384/22978730_lightbox.png</aspectvalue>
            </aspect>
        </item>
        <item>
            <itemname>REWE Bio Frische Bio-Eier 6 Stück</itemname>
            <itemid>
                <selleritemid>rewe:197892</selleritemid>
            </itemid>
            <price>
                <currency>EUR</currency>
                <itemvalue>2.15</itemvalue>
            </price>
            <itemgroup>
                <sellercategory>
                    <classificationname>Eier</classificationname>
                    <language>DE-de</language>
                </sellercategory>
            </itemgroup>
            <aspect>
                <aspectname>iconurl</aspectname>
                <aspectvalue>https://d9gkwhfwam31p.cloudfront.net/0197892/4777810_lightbox.png</aspectvalue>
            </aspect>
        </item>
        <item>
            <itemname>REWE Bio Schlagsahne 200g</itemname>
            <itemid>
                <selleritemid>rewe:194185</selleritemid>
            </itemid>
            <price>
                <currency>EUR</currency>
                <itemvalue>0.75</itemvalue>
            </price>
            <itemgroup>
                <sellercategory>
                    <classificationname>Süße Sahne</classificationname>
                    <language>DE-de</language>
                </sellercategory>
            </itemgroup>
            <aspect>
                <aspectname>iconurl</aspectname>
                <aspectvalue>https://d9gkwhfwam31p.cloudfront.net/0194185/2865980_lightbox.png</aspectvalue>
            </aspect>
        </item>
        <item>
            <itemname>Milena Irische Butter 250g</itemname>
            <itemid>
                <selleritemid>rewe:2258850</selleritemid>
            </itemid>
            <price>
                <currency>EUR</currency>
                <itemvalue>1.29</itemvalue>
            </price>
            <itemgroup>
                <sellercategory>
                    <classificationname>Butter</classificationname>
                    <language>DE-de</language>
                </sellercategory>
            </itemgroup>
            <aspect>
                <aspectname>iconurl</aspectname>
                <aspectvalue>https://d9gkwhfwam31p.cloudfront.net/2258850/23105427_lightbox.png</aspectvalue>
            </aspect>
        </item>
        <item units="3">
            <itemname>ja! Frische Vollmilch 3,5% 1l</itemname>
            <itemid>
                <selleritemid>rewe:475299</selleritemid>
            </itemid>
            <price>
                <currency>EUR</currency>
                <itemvalue>0.46</itemvalue>
            </price>
            <itemgroup>
                <sellercategory>
                    <classificationname>Frische Milch</classificationname>
                    <language>DE-de</language>
                </sellercategory>
            </itemgroup>
            <aspect>
                <aspectname>iconurl</aspectname>
                <aspectvalue>https://d9gkwhfwam31p.cloudfront.net/0475299/1664450_lightbox.png</aspectvalue>
            </aspect>
        </item>
        <item>
            <itemname>Arla Frische Bio Weidemilch 3,8% 1l</itemname>
            <itemid>
                <selleritemid>rewe:2058036</selleritemid>
            </itemid>
            <price>
                <currency>EUR</currency>
                <itemvalue>1.35</itemvalue>
            </price>
            <itemgroup>
                <sellercategory>
                    <classificationname>Frische Milch</classificationname>
                    <language>DE-de</language>
                </sellercategory>
            </itemgroup>
            <aspect>
                <aspectname>iconurl</aspectname>
                <aspectvalue>https://d9gkwhfwam31p.cloudfront.net/2058036/22595632_lightbox.png</aspectvalue>
            </aspect>
        </item>
        <item>
            <itemname>Porree</itemname>
            <itemid>
                <selleritemid>rewe:8311846</selleritemid>
            </itemid>
            <price>
                <currency>EUR</currency>
                <itemvalue>0.69</itemvalue>
            </price>
            <itemgroup>
                <sellercategory>
                    <classificationname>Wurzelgemüse</classificationname>
                    <language>DE-de</language>
                </sellercategory>
            </itemgroup>
            <aspect>
                <aspectname>iconurl</aspectname>
                <aspectvalue>https://d9gkwhfwam31p.cloudfront.net/8311846/7360610_lightbox.png</aspectvalue>
            </aspect>
        </item>
        <item>
            <itemname>REWE Bio Zitrone 500g</itemname>
            <itemid>
                <selleritemid>rewe:7589883</selleritemid>
            </itemid>
            <price>
                <currency>EUR</currency>
                <itemvalue>2.79</itemvalue>
            </price>
            <itemgroup>
                <sellercategory>
                    <classificationname>Zitronen</classificationname>
                    <language>DE-de</language>
                </sellercategory>
            </itemgroup>
            <aspect>
                <aspectname>iconurl</aspectname>
                <aspectvalue>https://d9gkwhfwam31p.cloudfront.net/7589883/8537390_lightbox.png</aspectvalue>
            </aspect>
        </item>
        <item units="3">
            <itemname>Süßkartoffel</itemname>
            <itemid>
                <selleritemid>rewe:475963</selleritemid>
            </itemid>
            <price>
                <currency>EUR</currency>
                <itemvalue>1.2</itemvalue>
            </price>
            <itemgroup>
                <sellercategory>
                    <classificationname>Süßkartoffeln</classificationname>
                    <language>DE-de</language>
                </sellercategory>
            </itemgroup>
            <aspect>
                <aspectname>iconurl</aspectname>
                <aspectvalue>https://d9gkwhfwam31p.cloudfront.net/0475963/24569668_lightbox.png</aspectvalue>
            </aspect>
        </item>
        <item>
            <itemname>Bio Speisemöhren 1kg</itemname>
            <itemid>
                <selleritemid>rewe:2588140</selleritemid>
            </itemid>
            <price>
                <currency>EUR</currency>
                <itemvalue>1.99</itemvalue>
            </price>
            <itemgroup>
                <sellercategory>
                    <classificationname>Möhren</classificationname>
                    <language>DE-de</language>
                </sellercategory>
            </itemgroup>
            <aspect>
                <aspectname>iconurl</aspectname>
                <aspectvalue>https://d9gkwhfwam31p.cloudfront.net/2588140/24343912_lightbox.png</aspectvalue>
            </aspect>
        </item>
        <item>
            <itemname>Eisbergsalat</itemname>
            <itemid>
                <selleritemid>rewe:482595</selleritemid>
            </itemid>
            <price>
                <currency>EUR</currency>
                <itemvalue>0.69</itemvalue>
            </price>
            <itemgroup>
                <sellercategory>
                    <classificationname>Frischer Salat</classificationname>
                    <language>DE-de</language>
                </sellercategory>
            </itemgroup>
            <aspect>
                <aspectname>iconurl</aspectname>
                <aspectvalue>https://d9gkwhfwam31p.cloudfront.net/0482595/24570316_lightbox.png</aspectvalue>
            </aspect>
        </item>
        <item>
            <itemname>REWE Beste Wahl Paprika Mix 500g</itemname>
            <itemid>
                <selleritemid>rewe:1040657</selleritemid>
            </itemid>
            <price>
                <currency>EUR</currency>
                <itemvalue>1.79</itemvalue>
            </price>
            <itemgroup>
                <sellercategory>
                    <classificationname>Paprika</classificationname>
                    <language>DE-de</language>
                </sellercategory>
            </itemgroup>
            <aspect>
                <aspectname>iconurl</aspectname>
                <aspectvalue>https://d9gkwhfwam31p.cloudfront.net/1040657/21506875_lightbox.png</aspectvalue>
            </aspect>
        </item>
        <item>
            <itemname>REWE Bio Rispentomaten</itemname>
            <itemid>
                <selleritemid>rewe:1041181</selleritemid>
            </itemid>
            <price>
                <currency>EUR</currency>
                <itemvalue>1.79</itemvalue>
            </price>
            <itemgroup>
                <sellercategory>
                    <classificationname>Tomaten</classificationname>
                    <language>DE-de</language>
                </sellercategory>
            </itemgroup>
            <aspect>
                <aspectname>iconurl</aspectname>
                <aspectvalue>https://d9gkwhfwam31p.cloudfront.net/1041181/21289418_lightbox.png</aspectvalue>
            </aspect>
        </item>
        <item units="2">
            <itemname>Zucchini grün</itemname>
            <itemid>
                <selleritemid>rewe:482161</selleritemid>
            </itemid>
            <price>
                <currency>EUR</currency>
                <itemvalue>0.39</itemvalue>
            </price>
            <itemgroup>
                <sellercategory>
                    <classificationname>Zucchini</classificationname>
                    <language>DE-de</language>
                </sellercategory>
            </itemgroup>
            <aspect>
                <aspectname>iconurl</aspectname>
                <aspectvalue>https://d9gkwhfwam31p.cloudfront.net/0482161/24570156_lightbox.png</aspectvalue>
            </aspect>
        </item>
        <item>
            <itemname>Nektarinen gelb 1kg</itemname>
            <itemid>
                <selleritemid>rewe:1096218</selleritemid>
            </itemid>
            <price>
                <currency>EUR</currency>
                <itemvalue>1.19</itemvalue>
            </price>
            <itemgroup>
                <sellercategory>
                    <classificationname>Nektarinen</classificationname>
                    <language>DE-de</language>
                </sellercategory>
            </itemgroup>
            <aspect>
                <aspectname>iconurl</aspectname>
                <aspectvalue>https://d9gkwhfwam31p.cloudfront.net/1096218/20148016_lightbox.png</aspectvalue>
            </aspect>
        </item>
        <item>
            <itemname>Haribo Happy Cherries 200g</itemname>
            <itemid>
                <selleritemid>rewe:5837731</selleritemid>
            </itemid>
            <price>
                <currency>EUR</currency>
                <itemvalue>0.66</itemvalue>
            </price>
            <itemgroup>
                <sellercategory>
                    <classificationname>Fruchtgummi &amp; Lakritze</classificationname>
                    <language>DE-de</language>
                </sellercategory>
            </itemgroup>
            <aspect>
                <aspectname>iconurl</aspectname>
                <aspectvalue>https://d9gkwhfwam31p.cloudfront.net/5837731/6615950_lightbox.png</aspectvalue>
            </aspect>
        </item>
        <item>
            <itemname>REWE Beste Wahl Pizza Classica Mozzarella 335g</itemname>
            <itemid>
                <selleritemid>rewe:162644</selleritemid>
            </itemid>
            <price>
                <currency>EUR</currency>
                <itemvalue>1.89</itemvalue>
            </price>
            <itemgroup>
                <sellercategory>
                    <classificationname>Pizza Mozzarella</classificationname>
                    <language>DE-de</language>
                </sellercategory>
            </itemgroup>
            <aspect>
                <aspectname>iconurl</aspectname>
                <aspectvalue>https://d9gkwhfwam31p.cloudfront.net/0162644/23918963_lightbox.png</aspectvalue>
            </aspect>
        </item>
        <item>
            <itemname>REWE Beste Wahl Pizza Ziegenkäse 425g</itemname>
            <itemid>
                <selleritemid>rewe:2161824</selleritemid>
            </itemid>
            <price>
                <currency>EUR</currency>
                <itemvalue>1.99</itemvalue>
            </price>
            <itemgroup>
                <sellercategory>
                    <classificationname>Pizza Käse-Vielfalt</classificationname>
                    <language>DE-de</language>
                </sellercategory>
            </itemgroup>
            <aspect>
                <aspectname>iconurl</aspectname>
                <aspectvalue>https://d9gkwhfwam31p.cloudfront.net/2161824/22860814_lightbox.png</aspectvalue>
            </aspect>
        </item>
        <item>
            <itemname>Agrarfrost Knusper Frites 750g</itemname>
            <itemid>
                <selleritemid>rewe:7579306</selleritemid>
            </itemid>
            <price>
                <currency>EUR</currency>
                <itemvalue>1.79</itemvalue>
            </price>
            <itemgroup>
                <sellercategory>
                    <classificationname>Fritteusen-Frites</classificationname>
                    <language>DE-de</language>
                </sellercategory>
            </itemgroup>
            <aspect>
                <aspectname>iconurl</aspectname>
                <aspectvalue>https://d9gkwhfwam31p.cloudfront.net/7579306/1670480_lightbox.png</aspectvalue>
            </aspect>
        </item>
    </itemlist>
</xmlreceipt>